title,edition_count
Google SketchUp for Game Design,1
Your Google game plan for success,5
Google SketchUp for game design,1
Google Daydream VR Cookbook,3
"Visión Artificial, Google Play Games, Android Wear, TV y Auto",1
"Visión Artificial, Google Play Games, Android Wear, TV y Auto",1
Game of Sales,1
Game of Sales,1
De kids van Google en Games zijn we er klaar voor,1
Plataformas Android,1
Google Traffic Tips Tactics and Strategies,1
How to Install Google Play Store on Your Kindle Tablet,1
Complete Guide to Simulations and Serious Games,3
2D to VR with Unity5 and Google Cardboard,6
The Great Global Treasure Hunt On Google Earth,1
The Great Global Treasure Hunt On Google Earth,1
I'm the Doctor. Google It,1
I'm the Doctor. Google It,1
I Don't Need Google My Husband Knows Everything,1
The complete guide to simulations and serious games,2
The complete guide to simulations and serious games,1
I Don't Need Google My Husband Knows Everything,1
I Don't Need Google My Wife Knows Everything,1
I Don't Need Google My Husband Knows Everything,1
Unless Your Name Is Google Stop Acting Like You Know Everything,1
Brain Game - Sudoku,1
65 Maze Game for Adult,1
Win the Game of Googleopoly,3
Dictionary of 30000 Essential Computer Terms - English Russian Chinese Hindi Arabic,1
A Second Series of Lessons on the Game of Chess,1
Sencha Touch 10 Mobile Javascript Framework Build Web Applications For Apple Ios And Google Android Touchscreen Devices With This First Html5 Mobile Framework,1
Raspberry Pi - New Tech,2
"The Book of Games, Or, A History of Juvenile Sports: Practised at a ...",1
Mazes for Kids Aged 4-8,1
Fun Word Search Puzzles for Clever Kids 4-8,1
"Building Android apps with HTML, CSS, and JavaScript",6
